framework_number,framework_title,slug,category,enterprise_layer,hidden_foundation,documented_research,statistics,economic_impact,evidence_confidence,implementation_roadmap,procurement_checklist,roi_calculator_logic,pilot_guide,policy_brief,primary_buyer,secondary_stakeholders,affected_public,core_data_inputs,key_workflow,demo_type,legacy_maturity_notes,procurement_readiness,pilot_readiness,policy_readiness,risk_level,primary_disclaimer,source_status,public_claim_status,github_repo_url,demo_url,framework_url,substack_url,linkedin_launch_url,maturity_stage,preview_type,research_citations,expert_review,related_framework_slugs
"01","Women's Health Longitudinal Dashboard","womens-health-longitudinal-dashboard","HealthTech / Patient Data","Patient-owned clinical context infrastructure","Longitudinal symptom tracking, cycle context, clinical readiness. Patients organize data; clinicians receive structured context.","Source: Needs verification","Needs source verification","Needs source verification","Level 1: Conceptual, based on observed system failure","Interactive prototype live. Repo structure ready. Needs: MVP user testing, clinical validation.","HIPAA compliance. Patient consent flows. EHR interop readiness.","Patient prep time saved x visit efficiency gain x clinical accuracy improvement.","Start: single clinic, 20 patients, 12-week cycle.","Patient data ownership. Clinical context integration. Privacy standards.","Clinics, health systems, patient advocacy organizations","EHR vendors, health tech platforms, patient data networks","Women with chronic symptoms, cycling-dependent conditions (PCOS, endometriosis, etc.)","Symptoms, cycle phase, labs, medications, life events, clinical questions","Track symptoms → add cycle context → export visit-ready report → clinical review","Live interactive dashboard","Spec Ready, Interactive Prototype, Repo Live","Ready for Internal Review","Ready for Public Preview","Needs Review","Low","Not a diagnostic tool. Not medical advice. Designed to help patients organize their own data.","Needs verification","Safe to publish","https://github.com/thehustleisholy-ship-it/thihsystems-frameworks","/frameworks/womens-health-longitudinal-dashboard/demo","/frameworks/womens-health-longitudinal-dashboard","https://substack.com/@michaelmartinthih","https://www.linkedin.com/company/124453928/","Interactive Prototype","interactive-prototype","[]","","[""black-maternal-health-emergency-response-system"",""chronic-pain-evidence-journal""]"
"02","Job-Loss & Income-Shock Stabilizer","job-loss-income-shock-stabilizer","Workforce Transition Infrastructure","Workforce transition continuity","The first 30 days after job loss determine the next 3 years. Operating system for income-loss stabilization.","Secondary research compiled. BLS job displacement data, Federal Reserve household fragility, NBER job-loss effects, state UI administrative data, workforce program evaluations, benefits cliff research.","Job displacement causes 20-40% earnings loss; 40% of households lack $400 emergency fund; UI replacement rate 40-50% of prior wage; ~50% never return to pre-loss wage level.","Assumptions-based ROI model: $1,178 cost vs. $22,782 modeled benefit (18.3x return under assumptions). Modeled break-even at 0.2 weeks accelerated employment. Requires pilot validation for actual outcomes.","Level 2: Supported by credible secondary research","Concept structured (complete). Concept preview (30-day workflow designed). Pilot ready (workforce partner identified, participant recruitment plan drafted). Scale decision after 12-month pilot (month 12 of 2026).","Lead implementation partner RFP. Benefits calculator development per state. Assessment platform procurement/build. Staff hiring (1 PM, 2-3 advisors, 1 coach, 0.5 evaluator). Data integration setup. Interagency MOU (UI, WIOA, emergency assistance). Participant communications. Pilot launch infrastructure.","Modeled ROI scenario (not validated): $1,178 cost × (modeled accelerated reemployment $5,400 + wage improvement $11,232 + avoided instability $1,750 + government savings $4,400) = 18.3x modeled ROI. Conservative scenario (30% realization) = 4.8x. Actual ROI requires pilot data.","50-75 job-loss cases over 6 months, with matched comparison group. Intensive 30-day service delivery (intake, benefits analysis, job search, offer support). Outcomes tracking at 30-day, 90-day, 6-month, 12-month. Evaluation by external evaluator.","Rapid coordination framework linking UI, workforce development, emergency assistance. Model state statute for automatic referral and rapid response. Interagency MOU template provided. Benefits calculator standardization. Emergency assistance fast-track.","State Departments of Labor, state workforce development boards, employers with transition budgets, nonprofit workforce providers","Unemployment insurance administrators, emergency assistance coordinators, community action agencies, workforce development partners","Displaced workers (~2M/year U.S.); families dependent on displaced worker income; communities experiencing job-loss economic impact","Participant financial situation (income, expenses, debt, savings); employment history & skills; benefits eligibility (UI, SNAP, childcare, housing); state benefits rules; job market data; wage records (for outcome validation)","Day 1-3: Intake & assessment (financial, career, benefits). Day 4-7: Benefits cliff analysis & financial triage. Day 8-21: Job search acceleration. Day 22-30: Offer evaluation & decision support. Follow-up: 30-day, 90-day, 6-month, 1-year outcomes.","Interactive 30-day workflow tracker, state benefits calculator, job search bootcamp checklist, offer evaluation tool, outcomes dashboard","Concept Structured, Implementation Roadmap Complete, Pilot planning documented; not pilot-ready","Ready for Internal Review","Ready for Public Preview","Ready for Internal Review","Low","Framework supports but does not replace professional financial, legal, or career counseling. Benefits information varies by state and is subject to policy changes. Results depend on labor market conditions and individual circumstances.","Source identified","Needs citation","https://github.com/thehustleisholy-ship-it/framework-02-job-loss-income-shock-stabilizer","/frameworks/job-loss-income-shock-stabilizer/demo","/frameworks/job-loss-income-shock-stabilizer","","","Structured Framework","concept-preview","[]","","[]"
"03","Returning Citizen Reentry Roadmap","returning-citizen-reentry-roadmap","Justice-to-Stability Infrastructure","Reentry service coordination","Freedom without infrastructure becomes another trap. Reentry coordination system.","Research queue required","Needs source verification","Needs source verification","Level 2: Supported by credible secondary research","Concept structured. Concept preview. Needs: reentry partner testing.","Housing coordination. Employment pathways. Legal requirement tracking. Support service mapping.","Recidivism reduction x employment placement x housing stability x family reunification.","Partner: reentry center. Participants: 30 returners, 12-month tracking.","Coordinated reentry as public infrastructure. System integration across justice, housing, employment.","Reentry centers, criminal justice agencies, community supervision","Public housing, workforce development, social services, faith-based organizations","Returning citizens, post-incarceration, reentry phase","Release requirements, documentation needs, housing leads, employment opportunities, legal compliance dates","Intake → documentation audit → pathway plan → requirement tracker → support coordination","Integrated reentry checklist and service mapper","Concept Structured, Concept Preview, Repo Pending","Needs Review","Drafted","Needs Review","Moderate","Supports but does not replace professional reentry services.","Not yet sourced","Needs citation","https://github.com/thehustleisholy-ship-it/framework-03-returning-citizen-reentry-roadmap","/frameworks/returning-citizen-reentry-roadmap/demo","/frameworks/returning-citizen-reentry-roadmap","","","Structured Framework","concept-preview","[]","","[]"
"04","Black Maternal Health Emergency Response System","black-maternal-health-emergency-response-system","Maternal Risk Escalation Infrastructure","Maternal red-flag escalation and advocacy","Being dismissed can become deadly. Escalation system for maternal safety.","Research queue required - CDC maternal mortality data","Needs source verification","Needs source verification","Level 2: Supported by credible secondary research","Concept structured. Concept preview. Needs: clinical partnership testing.","Clinical escalation protocols. Patient advocacy coordination. Hospital policy integration.","Maternal adverse events prevented x escalation speed x outcome improvement.","Partner: maternal health clinic. Track: risk escalations, response time, outcomes.","Maternal safety escalation as clinical standard. Institutional accountability.","Maternal health programs, OB/GYN departments, maternal mortality review boards","Hospitals, patient advocacy groups, public health departments","Pregnant and postpartum women, especially Black women and communities of color","Maternal health symptoms, risk factors, clinical dismissal patterns, escalation triggers","Symptom tracking → risk assessment → escalation flag → advocacy coordination → clinical review","Risk escalation protocol and advocacy coordination tool","Concept Structured, Concept Preview, Repo Pending","Needs Review","Drafted","Needs Review","High","Not clinical guidance. Supports but does not replace clinical care.","Source identified","Needs citation","https://github.com/thehustleisholy-ship-it/framework-04-black-maternal-health-emergency-response-system","/frameworks/black-maternal-health-emergency-response-system/demo","/frameworks/black-maternal-health-emergency-response-system","","","Structured Framework","concept-preview","[]","","[""womens-health-longitudinal-dashboard""]"
"05","Hospital Grid-Independence & Resilience Framework","hospital-grid-independence-resilience","Critical Facility Continuity","Critical facility continuity infrastructure","A hospital that cannot survive grid failure is not resilient care.","Research queue required - critical infrastructure resilience standards","Needs source verification","Needs source verification","Level 2: Supported by credible secondary research","Concept structured. Concept preview. Needs: hospital resilience testing.","Power systems. Fuel supply. Water resilience. Oxygen continuity. Staffing plans. Pharmacy resilience.","Grid-failure duration x patient safety x operational continuity x regulatory compliance.","Partner: regional hospital. Audit: 72-hour continuity across all systems.","Critical facility resilience as infrastructure standard. Continuity testing requirements.","Hospitals, health systems, emergency management agencies","Utility companies, fuel suppliers, medical equipment vendors","Patients dependent on hospital services, emergency medicine, critical care","Power capacity, backup fuel, water supply, oxygen generation, staffing rosters, pharmacy stock","Resilience audit → system mapping → 72-hour scenario test → continuity plan → implementation","Resilience audit checklist and continuity scenario planner","Concept Structured, Concept Preview, Repo Pending","Needs Review","Drafted","Drafted","High","Framework supports but does not replace clinical resilience standards.","Not yet sourced","Needs citation","https://github.com/thehustleisholy-ship-it/framework-05-hospital-grid-independence-resilience","/frameworks/hospital-grid-independence-resilience/demo","/frameworks/hospital-grid-independence-resilience","","","Structured Framework","concept-preview","[]","","[]"
"06","Eviction Defense Documentation System","eviction-defense-documentation-system","Housing Stability Infrastructure","Housing stability documentation infrastructure","Most people do not lose housing because they had no case. They lose because they had no system.","Research queue required - eviction defense data","Needs source verification","Needs source verification","Level 1: Conceptual, based on observed system failure","Concept structured. Concept preview. Needs: legal aid partner testing.","Evidence organization. Court preparation. Legal coordination. Timeline documentation.","Housing retained x legal success rate x court preparation time saved.","Partner: legal aid. Track: evidence organization speed, case outcomes.","Evidence vault access as housing justice infrastructure.","Legal aid organizations, tenant rights groups, housing counselors","Courts, judicial officers, landlord-tenant mediation services","Tenants facing eviction, low-income housing residents","Lease terms, payment history, communications, repair issues, legal notices","Evidence collection → organization → court-prep package → legal review → defense filing","Evidence vault and court-prep document organizer","Concept Structured, Concept Preview, Repo Pending","Needs Review","Drafted","Needs Review","Moderate","Supports but does not replace legal representation.","Not yet sourced","Needs citation","https://github.com/thehustleisholy-ship-it/framework-06-eviction-defense-documentation-system","/frameworks/eviction-defense-documentation-system/demo","/frameworks/eviction-defense-documentation-system","","","Structured Framework","concept-preview","[]","","[]"
"07","Phosphorus Recovery & Circular Fertilizer Framework","phosphorus-recovery-circular-fertilizer","Nutrient Security Infrastructure","Strategic nutrient recovery infrastructure","We are flushing food security into the ocean.","Research queue required - nutrient cycle, phosphorus geology","Needs source verification","Needs source verification","Level 2: Supported by credible secondary research","Concept structured. Concept preview. Needs: recovery facility partnership.","Wastewater infrastructure. Recovery technology. Fertilizer production. Regulatory compliance.","Phosphorus recovered x fertilizer production cost x agricultural value.","Partner: wastewater treatment facility. Measure: recovery rate, fertilizer production.","Nutrient recovery as food security infrastructure. Circular economy standards.","Wastewater treatment agencies, agricultural producers, fertilizer companies","Environmental agencies, farming cooperatives, nutrient research","Agricultural communities, food consumers, ecosystems dependent on nutrient cycles","Wastewater volume and composition, phosphorus content, recovery capacity, agricultural demand","Nutrient audit → recovery opportunity → technology selection → facility deployment → monitoring","Nutrient recovery opportunity and ROI calculator","Concept Structured, Concept Preview, Repo Pending","Needs Review","Drafted","Drafted","Moderate","Framework supports but does not replace environmental compliance requirements.","Not yet sourced","Needs softening","https://github.com/thehustleisholy-ship-it/framework-07-phosphorus-recovery-circular-fertilizer","/frameworks/phosphorus-recovery-circular-fertilizer/demo","/frameworks/phosphorus-recovery-circular-fertilizer","","","Structured Framework","concept-preview","[]","","[""ocean-dead-zone-reversal-hypoxia-recovery""]"
"08","Sand Crisis & Alternative Aggregate Supply Chain","sand-crisis-alternative-aggregate","Construction Material Resilience","Construction aggregate risk and substitution infrastructure","The world is running out of the sand modern life is built on.","Research queue required - aggregate market, sand mining impacts","Needs source verification","Needs source verification","Level 2: Supported by credible secondary research","Concept structured. Concept preview. Needs: construction industry testing.","Aggregate supply mapping. Alternative materials. Material substitution. Recycled content.","Aggregate supply risk mitigated x construction continuity x cost optimization.","Partner: construction project. Track: aggregate sourcing, substitution feasibility.","Aggregate security as construction infrastructure. Material substitution standards.","Construction companies, building departments, infrastructure agencies","Aggregate suppliers, recycled material producers, material science","Construction workers, building communities, infrastructure users","Aggregate demand, supply sources, transportation distance, recycled material availability, cost data","Supply audit → risk assessment → alternative sourcing → material testing → substitution plan","Aggregate supply risk mapper and substitution planner","Concept Structured, Concept Preview, Repo Pending","Needs Review","Drafted","Drafted","Moderate","Framework supports material planning but does not replace engineering validation.","Not yet sourced","Needs softening","https://github.com/thehustleisholy-ship-it/framework-08-sand-crisis-alternative-aggregate","/frameworks/sand-crisis-alternative-aggregate/demo","/frameworks/sand-crisis-alternative-aggregate","","","Structured Framework","concept-preview","[]","","[]"
"09","Topsoil Regeneration & No-Till Transition Accelerator","topsoil-regeneration-no-till-transition","Soil-Capital Preservation","Soil-health transition infrastructure","Soil is not dirt. It is civilization's savings account.","Research queue required - soil science, regenerative agriculture","Needs source verification","Needs source verification","Level 2: Supported by credible secondary research","Concept structured. Concept preview. Needs: agricultural partner testing.","Soil assessment. Transition planning. No-till equipment. Cover crop sourcing. Financial support.","Soil health improvement x crop yield recovery x input cost reduction x carbon credit value.","Partner: regional farm. Track: soil metrics, transition timeline, yield outcomes.","Soil transition as agricultural infrastructure. Regeneration investment frameworks.","Agricultural producers, farm bureaus, soil conservation districts","Equipment vendors, seed suppliers, carbon credit markets, agricultural research","Farming communities, food consumers, ecosystems dependent on soil health","Current soil metrics, farm size, crop type, existing equipment, financing capacity, regional conditions","Soil audit → transition planning → equipment and input sourcing → implementation → monitoring","Soil transition planner and ROI calculator","Concept Structured, Concept Preview, Repo Pending","Needs Review","Drafted","Drafted","Low","Framework supports transition planning but does not replace agronomic consultation.","Not yet sourced","Needs citation","https://github.com/thehustleisholy-ship-it/framework-09-topsoil-regeneration-no-till-transition","/frameworks/topsoil-regeneration-no-till-transition/demo","/frameworks/topsoil-regeneration-no-till-transition","","","Structured Framework","concept-preview","[]","","[""managed-aquifer-recharge-water-banking""]"
"10","Managed Aquifer Recharge & Underground Water Banking","managed-aquifer-recharge-water-banking","Water Security Infrastructure","Aquifer recharge, drought resilience, and underground water banking","Groundwater collapse is invisible until the wells run dry.","Research queue required - hydrogeology, aquifer science","Needs source verification","Needs source verification","Level 2: Supported by credible secondary research","Concept structured. Concept preview. Needs: water authority testing.","Hydrologic assessment. Recharge site identification. Water quality standards. Regulatory approval.","Water supply secured x drought resilience value x agricultural continuity x emergency reserves.","Partner: water authority. Measure: recharge volume, aquifer impact, drought buffer created.","Managed recharge as water security infrastructure. Aquifer banking as regional resilience.","Water agencies, agricultural irrigation districts, municipalities","Hydrogeology consultants, environmental agencies, climate adaptation planning","Communities dependent on groundwater, agricultural regions, drought-vulnerable areas","Aquifer characteristics, recharge potential, seasonal water availability, demand profiles, quality standards","Hydrogeologic survey → recharge potential assessment → site selection → regulatory approval → operation","Aquifer and water banking opportunity assessor","Concept Structured, Concept Preview, Repo Pending","Needs Review","Drafted","Drafted","Moderate","Framework supports planning but does not replace hydrogeological expertise.","Not yet sourced","Needs citation","https://github.com/thehustleisholy-ship-it/framework-10-managed-aquifer-recharge-water-banking","/frameworks/managed-aquifer-recharge-water-banking/demo","/frameworks/managed-aquifer-recharge-water-banking","","","Interactive Prototype","interactive-prototype","[]","","[""topsoil-regeneration-no-till-transition""]"
"11","GPS Failure Contingency & Backup Navigation Infrastructure","gps-failure-contingency-backup-navigation","Fragile Systems","Positioning, navigation, and timing resilience","Modern civilization forgot how dependent it is on invisible signals.","Research queue required - GPS dependency analysis, backup systems","Needs source verification","Needs source verification","Level 2: Supported by credible secondary research","Concept structured. Concept preview. Repo ready. Implementation partners: critical infrastructure sectors.","Backup positioning systems. Timing redundancy. Navigation contingency. Critical infrastructure priority.","GPS outage duration x critical system impact x contingency cost x resilience value.","Sector-specific testing with transportation, power, finance, emergency services.","GPS dependency as critical infrastructure vulnerability. Backup resilience standards.","Critical infrastructure agencies, transportation systems, emergency management","Financial markets, communications providers, military and defense","All sectors dependent on GPS: transportation, commerce, emergency services, utilities","GPS dependency mapping, critical system list, backup system capacity, timing requirements","Dependency audit → risk assessment → backup system selection → integration testing → activation protocol","GPS dependency mapper and backup contingency planner","Concept Structured, Concept Preview, Repo Ready","Ready for Internal Review","Ready for Public Preview","Drafted","Critical","Framework supports contingency planning but does not replace critical infrastructure standards.","Source identified","Needs citation","https://github.com/thehustleisholy-ship-it/framework-11-gps-failure-contingency-backup-navigation","/frameworks/gps-failure-contingency-backup-navigation/demo","/frameworks/gps-failure-contingency-backup-navigation","","","Structured Framework","concept-preview","[]","","[]"
"12","Pediatric Neurodevelopmental Journey Map","pediatric-neurodevelopmental-journey-map","Children & Development","Early intervention evidence and care coordination","Early intervention depends on evidence parents are rarely equipped to organize.","Research queue required - pediatric developmental milestones","Needs source verification","Needs source verification","Level 2: Supported by credible secondary research","Concept structured. Concept preview. Repo ready. Testing: pediatric clinics.","Developmental screening integration. Referral coordination. Clinical data standards.","Early identification rate x intervention speed x developmental outcome improvement x long-term cost savings.","Partner: pediatric clinic network. Track: screening rates, referral timeliness, outcomes.","Developmental coordination as pediatric infrastructure standard.","Pediatric practices, school systems, early intervention programs","Speech/occupational therapists, developmental specialists, school psychologists","Young children, parents navigating early development concerns, educational support systems","Developmental milestones, screening results, specialist referrals, therapy history, school services","Milestone tracking → screening coordination → specialist referral → therapy integration → school coordination","Developmental journey tracker and referral coordinator","Concept Structured, Concept Preview, Repo Ready","Ready for Internal Review","Ready for Public Preview","Drafted","Low","Framework supports coordination but does not replace clinical or educational expertise.","Source identified","Needs citation","https://github.com/thehustleisholy-ship-it/framework-12-pediatric-neurodevelopmental-journey-map","/frameworks/pediatric-neurodevelopmental-journey-map/demo","/frameworks/pediatric-neurodevelopmental-journey-map","","","Structured Framework","concept-preview","[]","","[]"
"13","Strategic Grain Reserve & Local Food Security Buffer","strategic-grain-reserve-local-food-security","Food Security","Regional food continuity infrastructure","A city with three days of food is not secure.","Research queue required - food supply chains, strategic reserves","Needs source verification","Needs source verification","Level 2: Supported by credible secondary research","Concept structured. Concept preview. Repo ready. Testing: municipalities.","Grain storage. Local production capacity. Supply chain resilience. Distribution planning.","Food security buffer maintained x supply disruption resilience x local production activated.","Partner: regional planning authority. Map: food supply days, reserve capacity, production gaps.","Strategic grain reserves as regional food security infrastructure. Local production planning.","Municipalities, emergency management, regional planning authorities","Agricultural producers, grain distributors, food logistics, public health","Urban and rural communities, vulnerable populations, emergency-dependent groups","Population size, current food supply days, local production capacity, storage availability, supply chain data","Food supply audit → reserve capacity assessment → local production planning → buffer construction → monitoring","Food security vulnerability assessor and strategic reserve planner","Concept Structured, Concept Preview, Repo Ready","Ready for Internal Review","Ready for Public Preview","Ready for Public Preview","High","Framework supports planning but does not replace food safety and logistics expertise.","Source identified","Needs citation","https://github.com/thehustleisholy-ship-it/framework-13-strategic-grain-reserve-local-food-security","/frameworks/strategic-grain-reserve-local-food-security/demo","/frameworks/strategic-grain-reserve-local-food-security","","","Structured Framework","concept-preview","[]","","[]"
"14","Parole & Probation Compliance Tracker","parole-probation-compliance-tracker","Justice & Reentry","Supervision compliance and technical-violation prevention","Technical violations should not become revolving doors.","Research queue required - supervision compliance data","Needs source verification","Needs source verification","Level 2: Supported by credible secondary research","Concept structured. Concept preview. Repo ready. Testing: supervision agencies.","Compliance calendar. Requirement tracking. Escalation protocols. Supervisor coordination.","Technical violations prevented x supervision efficiency x reentry success x incarceration reduction.","Partner: probation department. Track: violation rates, compliance trends, outcomes.","Compliance support as supervision infrastructure. Technical violation prevention.","Probation departments, parole boards, criminal justice agencies","Supervisors, support service providers, legal advocates","People on parole/probation, reentry success, communities","Supervision requirements, compliance deadlines, schedule, support resources, violation history","Requirements intake → calendar creation → reminder system → escalation protocol → reporting","Compliance calendar and requirement tracker","Concept Structured, Concept Preview, Repo Ready","Ready for Internal Review","Ready for Public Preview","Drafted","Moderate","Supports but does not replace official supervision authority.","Source identified","Needs citation","https://github.com/thehustleisholy-ship-it/framework-14-parole-probation-compliance-tracker","/frameworks/parole-probation-compliance-tracker/demo","/frameworks/parole-probation-compliance-tracker","","","Structured Framework","concept-preview","[]","","[]"
"15","Chronic Pain Evidence Journal","chronic-pain-evidence-journal","Patient-Owned Health","Longitudinal symptom evidence and clinical preparation","Pain should not have to become performance art to be believed.","Research queue required - chronic pain validation research","Needs source verification","Needs source verification","Level 2: Supported by credible secondary research","Concept structured. Concept preview. Repo ready. Testing: patient advocacy.","Evidence collection system. Visit preparation tools. Clinical communication templates.","Clinical validation rate x diagnosis speed x treatment optimization x patient outcomes improved.","Partner: chronic pain support group. Track: evidence collection, clinical interactions, outcomes.","Patient evidence ownership as pain management infrastructure. Validation and clinical preparation.","Chronic pain clinics, pain management programs, patient advocacy organizations","Rheumatologists, neurologists, pain specialists, behavioral health","People with chronic pain, especially overlooked or contested pain conditions","Pain symptoms, triggers, impacts, treatments tried, lab results, clinical interactions","Symptom tracking → evidence collection → visit preparation → clinical dialogue → outcome tracking","Chronic pain evidence journal and visit preparation tool","Concept Structured, Concept Preview, Repo Ready","Ready for Internal Review","Ready for Public Preview","Drafted","Low","Tool for patient documentation and visit preparation. Not a diagnostic or treatment device.","Source identified","Needs citation","https://github.com/thehustleisholy-ship-it/framework-15-chronic-pain-evidence-journal","/frameworks/chronic-pain-evidence-journal/demo","/frameworks/chronic-pain-evidence-journal","","","Structured Framework","concept-preview","[]","","[""womens-health-longitudinal-dashboard""]"
"16","Trades Workforce Pipeline & Apprenticeship Rebuild","trades-workforce-pipeline-apprenticeship","Work & Production","Skilled labor infrastructure","The infrastructure boom cannot happen without the hands to build it.","Research queue required - skilled trades shortage data","Needs source verification","Needs source verification","Level 2: Supported by credible secondary research","Concept structured. Concept preview. Repo ready. Testing: workforce boards.","Apprenticeship coordination. Employer partnerships. Training program mapping. Career pathway clarity.","Apprentices placed x wage premiums x infrastructure labor availability x regional economic impact.","Partner: regional workforce board. Map: talent gaps, apprenticeship programs, employer demand.","Trades workforce as infrastructure investment. Regional capacity planning.","Workforce development boards, apprenticeship programs, construction industry","Construction employers, trade unions, community colleges, vocational programs","Young workers, career-changers, infrastructure-dependent communities","Regional trade demand, apprenticeship capacity, training quality, wage outcomes, employer commitments","Labor market analysis → gap identification → apprenticeship program audit → capacity building → placement","Trades workforce gap analyzer and pipeline builder","Concept Structured, Concept Preview, Repo Ready","Ready for Internal Review","Ready for Public Preview","Drafted","Low","Framework supports workforce planning but does not replace training or labor standards.","Source identified","Needs citation","https://github.com/thehustleisholy-ship-it/framework-16-trades-workforce-pipeline-apprenticeship","/frameworks/trades-workforce-pipeline-apprenticeship/demo","/frameworks/trades-workforce-pipeline-apprenticeship","","","Structured Framework","concept-preview","[]","","[]"
"17","Asylum Evidence & Documentation Builder","asylum-evidence-documentation-builder","Immigration & Displacement","Protection evidence organization and case-prep infrastructure","A person fleeing danger should not lose protection because their evidence was scattered.","Research queue required - asylum case documentation practices","Needs source verification","Needs source verification","Level 1: Conceptual, based on observed system failure","Concept structured. Concept preview. Repo ready. Testing: legal aid.","Evidence organization. Timeline documentation. Legal case preparation. Testimony support.","Asylum grants approved x case success rate x evidence organization speed.","Partner: asylum legal aid. Track: case preparation speed, documentation quality.","Evidence organization as immigration protection infrastructure. Case-prep support.","Asylum legal aid organizations, immigration courts, protection agencies","Immigration attorneys, human rights organizations, documentation services","Asylum seekers, protection applicants, displaced persons","Evidence collection, persecutor information, country conditions, personal history, legal documentation","Evidence intake → organization → timeline building → legal case prep → court presentation support","Asylum evidence organizer and case preparation tool","Concept Structured, Concept Preview, Repo Ready","Ready for Internal Review","Ready for Public Preview","Drafted","Moderate","Supports case preparation but does not replace legal representation.","Not yet sourced","Needs citation","https://github.com/thehustleisholy-ship-it/framework-17-asylum-evidence-documentation-builder","/frameworks/asylum-evidence-documentation-builder/demo","/frameworks/asylum-evidence-documentation-builder","","","Structured Framework","concept-preview","[]","","[]"
"18","Pollinator Collapse Buffer & Alternative Pollination Framework","pollinator-collapse-buffer-alternative-pollination","Ecological Tipping Points","Crop pollination risk and food-system resilience","The smallest workers hold up the food system.","Research queue required - pollinator science, crop pollination dependency","Needs source verification","Needs source verification","Level 2: Supported by credible secondary research","Concept structured. Concept preview. Repo ready. Testing: agricultural regions.","Pollinator habitat mapping. Crop pollination dependency assessment. Alternative pollination planning.","Crop pollination secured x habitat resilience x agricultural continuity x food security value.","Partner: agricultural region. Map: pollinator habitat, crop dependencies, risk areas.","Pollinator protection as food security infrastructure. Regional resilience planning.","Agricultural extension agencies, farming organizations, conservation districts","Crop producers, environmental agencies, pollinator research, ecological restoration","Farmers, food consumers, ecosystems dependent on pollination","Crop types and pollination needs, pollinator habitat, risk factors, habitat restoration opportunities","Pollinator audit → crop dependency mapping → habitat assessment → restoration planning → monitoring","Pollinator risk mapper and habitat restoration planner","Concept Structured, Concept Preview, Repo Ready","Ready for Internal Review","Ready for Public Preview","Drafted","High","Framework supports planning but does not replace ecological or agricultural expertise.","Source identified","Needs citation","https://github.com/thehustleisholy-ship-it/framework-18-pollinator-collapse-buffer-alternative-pollination","/frameworks/pollinator-collapse-buffer-alternative-pollination/demo","/frameworks/pollinator-collapse-buffer-alternative-pollination","","","Structured Framework","concept-preview","[]","","[]"
"19","Copper Constraint & Electrification Material Flow Framework","copper-constraint-electrification-material-flow","Energy Transition Materials","Electrification material intelligence","You cannot electrify the future without accounting for the metal.","Research queue required - copper supply, electrification demand projections","Needs source verification","Needs source verification","Level 2: Supported by credible secondary research","Concept structured. Concept preview. Repo ready. Testing: energy planners.","Copper demand analysis. Supply chain mapping. Material substitution. Recycling infrastructure.","Electrification material supply secured x substitution pathways x cost optimization.","Partner: energy planning agency. Map: copper demand, supply gaps, substitution options.","Material flow planning as electrification infrastructure. Supply risk and substitution strategy.","Energy planning agencies, utilities, infrastructure planners","Mining companies, material science, recycling infrastructure, equipment manufacturers","Communities dependent on electricity, energy transition implementation","Electrification targets, copper demand projections, supply sources, recycling capacity, substitution options","Demand forecasting → supply analysis → substitution assessment → procurement planning → recycling integration","Material flow planner for electrification","Concept Structured, Concept Preview, Repo Ready","Ready for Internal Review","Ready for Public Preview","Drafted","Moderate","Framework supports material planning but does not replace engineering or supply-chain expertise.","Source identified","Needs citation","https://github.com/thehustleisholy-ship-it/framework-19-copper-constraint-electrification-material-flow","/frameworks/copper-constraint-electrification-material-flow/demo","/frameworks/copper-constraint-electrification-material-flow","","","Structured Framework","concept-preview","[]","","[""solar-wind-end-of-life-recovery-framework""]"
"20","Distributed Manufacturing & Local Production Network","distributed-manufacturing-local-production-network","Supply Chain Resilience","Regional production capacity and critical goods resilience","Efficiency without resilience is just fragility with better branding.","Research queue required - supply chain vulnerability, local production capacity","Needs source verification","Needs source verification","Level 2: Supported by credible secondary research","Concept structured. Concept preview. Repo ready. Testing: regional planners.","Local production mapping. Critical goods assessment. Manufacturing capacity. Network coordination.","Supply disruption resilience x critical goods availability x regional economic strength.","Partner: regional planning authority. Map: critical goods gaps, local capacity.","Local production capacity as supply chain infrastructure. Regional manufacturing resilience.","Regional economic development, municipal planning, emergency management","Manufacturing businesses, supply chain logistics, economic development agencies","Communities dependent on supply chains, workers, essential goods consumers","Critical goods list, supply chain vulnerabilities, local production capacity, manufacturing capability","Critical goods mapping → supply vulnerability audit → local production assessment → network building → coordination","Critical goods mapper and production network planner","Concept Structured, Concept Preview, Repo Ready","Ready for Internal Review","Ready for Public Preview","Drafted","Moderate","Framework supports planning but does not replace supply-chain or economic expertise.","Source identified","Needs citation","https://github.com/thehustleisholy-ship-it/framework-20-distributed-manufacturing-local-production-network","/frameworks/distributed-manufacturing-local-production-network/demo","/frameworks/distributed-manufacturing-local-production-network","","","Structured Framework","concept-preview","[]","","[]"
"21","Kinship Care Grandfamily Support Infrastructure","kinship-care-grandfamily-support-infrastructure","Family & Care Burdens","Informal caregiver support and benefits navigation","Grandparents are raising children inside systems that do not see them as parents.","Research queue required - kinship care statistics and support systems","Needs source verification","Needs source verification","Level 2: Supported by credible secondary research","Concept structured. Concept preview. Repo ready. Testing: social services.","Benefits eligibility navigation. Legal documentation. Support service coordination. Financial assistance.","Child welfare outcomes improved x caregiver support x kinship stability x system efficiency.","Partner: family services agency. Track: kinship caregiver support, benefits access, family outcomes.","Kinship care as family support infrastructure. Formal recognition and system integration.","Child welfare agencies, family services, social services","Kinship navigator programs, legal aid, benefits agencies, support organizations","Grandparents raising grandchildren, informal kinship caregivers, children","Family situation, child information, legal status, benefits eligibility, support needs","Intake → eligibility assessment → benefits navigation → legal documentation → support coordination","Kinship care support and benefits navigator","Concept Structured, Concept Preview, Repo Ready","Ready for Internal Review","Ready for Public Preview","Drafted","Low","Supports but does not replace official child welfare or legal services.","Source identified","Needs citation","https://github.com/thehustleisholy-ship-it/framework-21-kinship-care-grandfamily-support-infrastructure","/frameworks/kinship-care-grandfamily-support-infrastructure/demo","/frameworks/kinship-care-grandfamily-support-infrastructure","","","Structured Framework","concept-preview","[]","","[]"
"22","Ocean Dead Zone Reversal & Hypoxia Recovery Framework","ocean-dead-zone-reversal-hypoxia-recovery","Ecological Recovery","Watershed-to-coast nutrient reduction and fisheries recovery","The runoff upstream becomes the silence underwater.","Research queue required - dead zone science, watershed nutrient management","Needs source verification","Needs source verification","Level 2: Supported by credible secondary research","Concept structured. Concept preview. Repo ready. Testing: coastal regions.","Watershed nutrient audit. Agricultural runoff reduction. Coastal habitat restoration. Fisheries recovery.","Dead zone reduction x fisheries recovery x coastal ecosystem health x economic resilience.","Partner: coastal region. Map: nutrient sources, watershed impacts, recovery opportunities.","Hypoxia reversal as watershed and coastal infrastructure. Ecosystem recovery.","Coastal management, fisheries agencies, environmental protection","Agricultural agencies, watershed management, marine science, fisheries communities","Coastal communities, fisheries workers, marine ecosystems","Nutrient sources, agricultural practices, coastal conditions, fisheries data, recovery potential","Dead zone assessment → source tracking → intervention planning → agricultural partnership → monitoring","Dead zone mapper and recovery planner","Concept Structured, Concept Preview, Repo Ready","Ready for Internal Review","Ready for Public Preview","Drafted","High","Framework supports planning but does not replace ecological or agricultural expertise.","Source identified","Needs citation","https://github.com/thehustleisholy-ship-it/framework-22-ocean-dead-zone-reversal-hypoxia-recovery","/frameworks/ocean-dead-zone-reversal-hypoxia-recovery/demo","/frameworks/ocean-dead-zone-reversal-hypoxia-recovery","","","Structured Framework","concept-preview","[]","","[""phosphorus-recovery-circular-fertilizer""]"
"23","Elder Financial Abuse Detection & Response System","elder-financial-abuse-detection-response","Aging & Protection","Financial exploitation detection and response coordination","Exploitation often wears the face of someone trusted.","Research queue required - elder abuse statistics, detection research","Needs source verification","Needs source verification","Level 2: Supported by credible secondary research","Concept structured. Concept preview. Repo ready. Testing: aging services.","Risk detection. Response coordination. Legal options. Protective documentation. Financial recovery.","Abuse cases identified x elder protection x financial recovery x prevention.","Partner: elder services. Track: detection rates, response speed, protective outcomes.","Financial abuse detection as aging protection infrastructure. Coordinated response systems.","Adult protective services, aging agencies, financial institutions","Law enforcement, legal aid, financial recovery services, elder advocacy","Older adults, family members, caregivers","Financial activity, relationship changes, cognitive status, spending patterns, trusted contact information","Risk assessment → detection → protective intervention → legal options → financial recovery planning","Elder financial risk detector and response coordinator","Concept Structured, Concept Preview, Repo Ready","Ready for Internal Review","Ready for Public Preview","Drafted","Moderate","Supports but does not replace protective services or legal intervention.","Source identified","Needs citation","https://github.com/thehustleisholy-ship-it/framework-23-elder-financial-abuse-detection-response","/frameworks/elder-financial-abuse-detection-response/demo","/frameworks/elder-financial-abuse-detection-response","","","Structured Framework","concept-preview","[]","","[]"
"24","Domestic Violence Exit & Safety Documentation System","domestic-violence-exit-safety-documentation","Safety & Abuse Response","Survivor safety planning and evidence documentation","Leaving safely is not one decision; it is an infrastructure problem.","Research queue required - safety planning and survivor research","Needs source verification","Needs source verification","Level 2: Supported by credible secondary research","Concept structured. Concept preview. Repo ready. Testing: DV organizations.","Safety planning. Evidence documentation. Legal coordination. Shelter access. Protective orders.","Successful exits achieved x safety maintained x legal protection secured x long-term stability.","Partner: DV service provider. Track: safety plan completeness, exit success, survivor outcomes.","Survivor safety as infrastructure. Coordinated exit support systems.","Domestic violence organizations, shelters, legal services","Law enforcement, courts, housing providers, employment assistance, counseling services","Survivors of domestic violence, children, family support systems","Safety concerns, protective orders, financial needs, housing options, employment barriers, children","Safety assessment → planning → documentation → legal coordination → exit support → stabilization","Safety planner and evidence documentation tool","Concept Structured, Concept Preview, Repo Ready","Ready for Internal Review","Ready for Public Preview","Drafted","High","Supports safety planning but does not replace DV services or legal representation.","Source identified","Needs citation","https://github.com/thehustleisholy-ship-it/framework-24-domestic-violence-exit-safety-documentation","/frameworks/domestic-violence-exit-safety-documentation/demo","/frameworks/domestic-violence-exit-safety-documentation","","","Structured Framework","concept-preview","[]","","[]"
"25","Solar Panel & Wind Turbine End-of-Life Recovery Framework","solar-wind-end-of-life-recovery-framework","Circular Economy","Renewable asset recovery and material circularity","Solving one crisis should not create the next waste crisis.","Research queue required - renewable waste and recycling science","Needs source verification","Needs source verification","Level 2: Supported by credible secondary research","Concept structured. Concept preview. Repo ready. Testing: renewable operators.","Asset tracking. Lifecycle planning. Recycling partnerships. Material recovery. Regulatory compliance.","Asset lifecycle optimized x material recovery value x waste diversion x circular economy return.","Partner: renewable energy operator. Map: asset ages, end-of-life timelines, recovery options.","Renewable asset circularity as sustainability infrastructure. End-of-life responsibility.","Renewable energy companies, waste management, circular economy programs","Material recovery companies, recyclers, environmental agencies, technology manufacturers","Energy consumers, waste communities, environmental health","Solar/wind asset information, installation dates, degradation rates, end-of-life timelines, material composition","Asset inventory → lifecycle forecasting → recovery planning → recycler partnership → material tracking","Renewable asset lifecycle and recovery planner","Concept Structured, Concept Preview, Repo Ready","Ready for Internal Review","Ready for Public Preview","Drafted","Low","Framework supports planning but does not replace recycling or environmental compliance expertise.","Source identified","Needs citation","https://github.com/thehustleisholy-ship-it/framework-25-solar-wind-end-of-life-recovery-framework","/frameworks/solar-wind-end-of-life-recovery-framework/demo","/frameworks/solar-wind-end-of-life-recovery-framework","","","Structured Framework","concept-preview","[]","","[""copper-constraint-electrification-material-flow""]"
"26","School-to-Prison Pipeline Disruption Framework","school-to-prison-pipeline-disruption","Youth & Justice","School discipline escalation prevention and youth protection","Some children are disciplined into systems they should have been protected from.","Research queue required - school discipline and pipeline data","Needs source verification","Needs source verification","Level 2: Supported by credible secondary research","Concept structured. Concept preview. Repo ready. Testing: school systems.","Discipline data systems. Alternative discipline tracking. Intervention pathways. Youth advocacy.","Youth diversions from justice system x educational outcomes x opportunity creation x long-term cost savings.","Partner: school system. Map: discipline patterns, escalation points, alternatives.","Discipline-to-justice prevention as education infrastructure. Alternative accountability systems.","School districts, youth justice systems, education policy makers","Youth advocacy organizations, law enforcement, probation departments, social services","Students, especially young people of color and those with disabilities","School discipline data, suspension/expulsion patterns, justice referrals, demographic trends, alternative program availability","Data analysis → pipeline identification → intervention design → accountability shifts → outcomes measurement","School discipline analyzer and intervention mapper","Concept Structured, Concept Preview, Repo Ready","Ready for Internal Review","Ready for Public Preview","Ready for Public Preview","Moderate","Framework supports data analysis but does not replace educational or legal expertise.","Source verified","Safe to publish","https://github.com/thehustleisholy-ship-it/framework-26-school-to-prison-pipeline-disruption","/frameworks/school-to-prison-pipeline-disruption/demo","/frameworks/school-to-prison-pipeline-disruption","","","Structured Framework","concept-preview","[]","","[]"
"27","Intercity Rail Revival & Sleeper Train Network","intercity-rail-revival-sleeper-train-network","Mobility & Public Infrastructure","Regional passenger mobility and corridor planning","A serious country should move people without making every trip a punishment.","Research queue required - rail viability and corridor planning","Needs source verification","Needs source verification","Level 2: Supported by credible secondary research","Concept structured. Concept preview. Repo ready. Testing: transit planners.","Corridor viability. Infrastructure assessment. Operating model. Service design. Investment planning.","Passenger demand served x corridor economic activation x environmental impact.","Partner: transit authority. Assess: corridor viability, demand, infrastructure needs.","Rail infrastructure as regional mobility and economic development strategy.","Department of Transportation, transit authorities, regional planning","Rail operators, infrastructure investors, environmental agencies, economic development","Travelers, especially regional and long-distance commuters","Corridor demand, population centers, existing infrastructure, environmental impacts, economic opportunity","Market analysis → corridor selection → feasibility study → operating model → financing planning","Rail corridor analyzer and network planner","Concept Structured, Concept Preview, Repo Ready","Ready for Internal Review","Ready for Public Preview","Ready for Public Preview","High","Framework supports planning but does not replace transportation engineering or economic analysis.","Source identified","Needs citation","https://github.com/thehustleisholy-ship-it/framework-27-intercity-rail-revival-sleeper-train-network","/frameworks/intercity-rail-revival-sleeper-train-network/demo","/frameworks/intercity-rail-revival-sleeper-train-network","","","Structured Framework","concept-preview","[]","","[]"
"28","Human Lifespan Extension & Longevity Society Framework","human-lifespan-extension-longevity-society","Future Governance","Institutional planning for longer lives","If longer life is coming, society must prepare before only the wealthy inherit time.","Research queue required - longevity science and societal impact projections","Needs source verification","Needs source verification","Level 1: Conceptual, based on observed system failure","Concept structured. Concept preview. Repo ready. Testing: policy institutions.","Longevity impact mapping. Institutional readiness assessment. Equity planning. Policy development.","Societal resilience to longevity transitions x equity maintained x opportunity.","Partner: policy institution. Map: longevity scenarios, institutional readiness gaps.","Longevity governance as institutional planning infrastructure. Equitable transition.","Policy institutions, government planning, educational institutions","Health systems, pension authorities, labor agencies, social policy research","All populations affected by potential lifespan extension","Longevity scenarios, institutional capacity, equity frameworks, policy gaps, transition risks","Scenario building → institutional impact assessment → readiness mapping → policy planning → transition strategy","Longevity scenario planner and institutional readiness assessor","Concept Structured, Concept Preview, Repo Ready","Drafted","Drafted","Ready for Public Preview","Moderate","Framework supports scenario planning but does not replace specialized longevity expertise.","Not yet sourced","Needs softening","https://github.com/thehustleisholy-ship-it/framework-28-human-lifespan-extension-longevity-society","/frameworks/human-lifespan-extension-longevity-society/demo","/frameworks/human-lifespan-extension-longevity-society","","","Structured Framework","concept-preview","[]","","[]"
"29","Solar Geoengineering Governance Framework","solar-geoengineering-governance-framework","Planetary Risk Governance","Pre-deployment governance, moratorium, and public consent infrastructure","Governance must precede deployment.","Research queue required - geoengineering governance literature","Needs source verification","Needs source verification","Level 2: Supported by credible secondary research","Concept structured. Concept preview. Repo ready. Testing: international policy institutions.","Governance frameworks. Consent infrastructure. Moratorium support. Risk assessment. International coordination.","Responsible governance frameworks established x dangerous deployment prevented.","Partner: policy institution. Map: governance gaps, consent frameworks, risk assessments.","Pre-deployment geoengineering governance as planetary risk infrastructure.","International policy institutions, environmental agencies, UN frameworks","Climate research, risk assessment experts, indigenous groups, public advocacy","Global population affected by potential geoengineering deployment","Geoengineering proposals, governance gaps, consent frameworks, risk assessments, international law","Governance gap analysis → consent framework design → moratorium support → risk assessment → international coordination","Geoengineering governance framework and pre-deployment checklist","Concept Structured, Concept Preview, Repo Ready","Drafted","Drafted","Ready for Public Preview","Critical","Framework supports governance planning but does not replace climate or policy expertise.","Not yet sourced","Needs softening","https://github.com/thehustleisholy-ship-it/framework-29-solar-geoengineering-governance-framework","/frameworks/solar-geoengineering-governance-framework/demo","/frameworks/solar-geoengineering-governance-framework","","","Structured Framework","concept-preview","[]","","[]"
"30","Orbital Debris Tracking & Collision Governance Framework","orbital-debris-tracking-collision-governance","Space Infrastructure Continuity","Orbital commons risk management and collision accountability","One collision can turn orbit into a minefield.","Research queue required - orbital debris tracking and collision science","Needs source verification","Needs source verification","Level 2: Supported by credible secondary research","Concept structured. Concept preview. Repo ready. Testing: space agencies and operators.","Debris tracking. Collision prevention. Governance frameworks. Operator accountability. Commons management.","Orbital safety maintained x space infrastructure continuity x economic value protected.","Partner: space agency. Map: debris tracking capability, collision risks, governance gaps.","Orbital commons management as space infrastructure governance.","Space agencies, satellite operators, international coordination bodies","Space debris research, collision modeling, insurance, international law","Global users dependent on orbital infrastructure: communications, GPS, earth observation","Debris catalog, operational satellites, collision risk assessments, governance frameworks, operator data","Debris tracking → collision risk analysis → governance framework design → operator coordination → accountability","Orbital debris tracker and collision governance framework","Concept Structured, Concept Preview, Repo Ready","Drafted","Drafted","Ready for Public Preview","Critical","Framework supports governance planning but does not replace orbital mechanics or space-law expertise.","Source identified","Needs citation","https://github.com/thehustleisholy-ship-it/framework-30-orbital-debris-tracking-collision-governance","/frameworks/orbital-debris-tracking-collision-governance/demo","/frameworks/orbital-debris-tracking-collision-governance","","","Structured Framework","concept-preview","[]","","[]"
